"0","quarto::quarto_render(""01_load.qmd"")"
"1","[31m

processing file: 01_load.qmd
[39m"
"1","[31m  |                                                            |                                                    |   0%  |                                                            |......                                              |  11%                    |                                                            |............                                        |  22% [unnamed-chunk-1][39m"
"1","[31m  |                                                          [39m"
"1","[31m  |.................                                   |  33%                    |                                                            |.......................                             |  44% [unnamed-chunk-2][39m"
"1","[31m  |                                                          [39m"
"1","[31m  |.............................                       |  56%                    |                                                            |...................................                 |  67% [unnamed-chunk-3][39m"
"1","[31mtrying URL 'https://archive.ics.uci.edu/ml/machine-learning-databases/00296/dataset_diabetes.zip'
[39m"
"1","[31mdownloaded 3.2 MB

[39m"
"1","[31m  |                                                          [39m"
"1","[31m  |........................................            |  78%                    |                                                            |..............................................      |  89% [unnamed-chunk-4][39m"
"1","[31mtrying URL 'https://www.cms.gov/medicare/coding/icd9providerdiagnosticcodes/downloads/icd-9-cm-v32-master-descriptions.zip'
[39m"
"1","[31mContent type 'application/zip'[39m"
"1","[31m length 1079497 bytes (1.0 MB)
=====[39m"
"1","[31m===[39m"
"1","[31m=[39m"
"1","[31m==[39m"
"1","[31m====[39m"
"1","[31m=========[39m"
"1","[31m=======[39m"
"1","[31m=======[39m"
"1","[31m===[39m"
"1","[31m=========
downloaded 1.0 MB

[39m"
"1","[31m  |                                                          [39m"
"1","[31m  |....................................................| 100%                                                                                                                              
output file: 01_load.knit.md

pandoc 
  to: html
  output-file: 01_load.html
  standalone: true
  section-divs: true
  html-math-method: mathjax
  wrap: none
  default-image-extension: png
  
metadata
  document-css: false
  link-citations: true
  date-format: long
  lang: en
  title: Get_data
  editor: visual
  
[39m"
"1","[31mOutput created: ..\results\R\01_load.html

[39m"
